#{"t_start": 1788592621.5564365, "env_id": "None"}
r,l,t
-16.133778,3,1.584907
-16.03435,23,1.588937
-14.407332,7,1.588937
-11.622929,14,1.595091
-7.388562,18,1.595091
-16.08396,3,1.595091
-8.490713,29,1.605473
-12.332343,5,1.609442
-16.157314,4,1.609442
-16.132811,4,1.61153
-16.126579,3,1.61153
-13.774718,4,1.61153
-14.035849,3,1.61153
-16.169482,4,1.61153
-8.410082,33,1.615651
-16.246906,6,1.615651
-16.134527,3,1.615651
-16.161175,4,1.625745
-6.604645,18,1.625745
-16.158805,4,1.625745
-11.599396,27,1.637923
-16.160051,3,1.638966
-16.15687,3,1.638966
-9.61131,28,1.646132
-16.13402,3,1.656425
-16.15415,4,1.656425
-16.067395,3,1.656425
-8.873375,27,1.662441
-8.398986,27,1.670462
-16.135127,3,1.670462
-16.131988,3,1.672468
-16.136484,3,1.672468
-10.128731,25,1.676479
-6.427975,26,1.676479
-8.695013,24,1.689613
-16.070491,3,1.689613
5.534376,29,1.697312
-16.144632,3,1.697312
-7.064777,20,1.697312
-16.122959,3,1.697312
-9.984252,24,1.706966
-16.104514,4,1.711884
-16.191611,3,1.711884
-15.51198,3,1.711884
-16.205453,3,1.711884
-14.843428,4,1.711884
-10.194722,20,1.788992
-16.11448,3,1.788992
-11.790482,22,1.801409
-15.389233,5,1.803257
-16.11533,4,1.805494
-16.187622,3,1.807382
-16.18738,3,1.807382
-7.56899,22,1.812074
5.139704,33,1.819521
5.232318,30,1.829922
-16.164362,4,1.829922
-16.221286,4,1.829922
-10.371047,25,1.850146
-16.184596,3,1.850146
-16.192189,3,1.850146
-15.44981,3,1.850146
-16.192171,3,1.850146
-10.662418,22,1.860363
-16.081911,3,1.860363
-11.262699,20,1.870695
-7.80735,17,1.8824
-6.459047,26,1.891189
-9.6745,31,1.90168
-7.948722,21,1.903147
-16.22978,4,1.903147
-10.150834,15,1.913887
-16.13918,3,1.914394
-16.164417,4,1.915526
-16.129047,3,1.915526
-8.753762,30,1.923236
-16.170404,3,1.923236
-16.120022,3,1.923236
-16.157628,3,1.923236
-16.131475,3,1.932749
-6.872156,6,1.934757
-16.12015,3,1.936764
-16.207546,4,1.936764
-16.120834,3,1.94078
-16.077398,3,1.94078
-16.140754,3,1.942787
-6.600782,26,1.944792
-8.297459,27,1.953201
-16.102348,4,1.953201
-16.077526,3,1.963522
-8.753208,26,1.977778
6.322578,23,2.055542
-16.125806,3,2.055542
-16.145821,3,2.055542
-7.209048,28,2.065877
-16.194592,3,2.065877
-15.680443,6,2.065877
-11.395691,10,2.077991
-16.122549,3,2.077991
-7.242007,23,2.08764
-16.097581,3,2.08764
6.524716,26,2.096454
-6.56574,29,2.107268
-16.134294,3,2.107268
-11.261428,21,2.116591
-7.873194,34,2.130237
-16.089494,3,2.130237
-8.424741,26,2.137492
-16.354146,7,2.147798
-16.078498,3,2.147798
-9.320485,35,2.147798
-9.990005,26,2.158163
-10.422782,23,2.168482
-13.427661,5,2.168482
-16.116869,4,2.168482
-16.178059,4,2.168482
-16.146698,4,2.168482
-9.268001,29,2.178598
-6.963335,26,2.188694
-16.178907,4,2.188694
-9.665472,17,2.188694
-7.782401,15,2.199126
-10.124067,28,2.199126
-10.13457,27,2.21276
-16.154849,4,2.21276
-16.080397,3,2.21276
-16.141978,3,2.219923
6.2819,28,2.304762
-8.961621,4,2.305269
-8.554696,16,2.309291
-6.661876,28,2.313043
-16.113989,3,2.313043
6.418752,20,2.322659
-16.122409,3,2.322659
-12.725804,22,2.332909
-16.135041,3,2.332909
-16.077921,3,2.332909
-6.903092,20,2.352777
-10.083111,18,2.36235
-16.095854,3,2.36436
-7.700657,21,2.37468
-16.097604,3,2.37468
-16.073421,3,2.37468
6.52658,30,2.384941
-16.127702,3,2.384941
-16.090259,3,2.384941
-10.962809,23,2.395013
-6.925269,15,2.395013
-16.118823,4,2.395013
-16.198993,3,2.395013
-16.115318,3,2.395013
-16.05895,3,2.405229
-8.542625,25,2.415359
-16.110455,3,2.417467
-16.093781,3,2.417467
-6.462076,12,2.425829
-16.105952,3,2.425829
-8.260302,29,2.446318
-16.078748,3,2.446318
-9.057674,6,2.446318
-13.29363,4,2.446318
-16.155638,4,2.456544
-16.078593,3,2.456544
-9.10682,19,2.456544
6.215111,38,2.467072
-10.666796,5,2.467072
-16.133578,3,2.477304
-8.662053,21,2.478799
-6.849558,29,2.487545
-16.190255,3,2.487545
-16.078079,3,2.487545
-8.498771,28,2.580081
-8.190007,18,2.580081
-16.188437,4,2.580081
-16.126355,3,2.590326
-7.276945,26,2.600535
7.172304,14,2.613883
-8.316266,27,2.62136
-16.106957,4,2.627079
-11.666845,4,2.627079
-7.764523,25,2.631785
-7.940733,32,2.65243
-6.316121,15,2.662872
-8.059763,18,2.662872
6.095983,43,2.68363
-7.053293,23,2.68363
-16.154448,4,2.68363
-16.123839,3,2.68363
-10.96971,25,2.699522
-16.125854,3,2.699522
-9.61527,24,2.704594
5.535457,37,2.719665
-9.67089,20,2.725117
-17.069734,22,2.735369
-7.732517,30,2.745733
-7.987769,30,2.745733
-6.813393,24,2.755851
-16.201606,4,2.755851
-15.94816,3,2.755851
-16.131256,3,2.755851
-16.13526,3,2.766078
-8.834904,27,2.838197
-16.157243,5,2.838197
-16.09173,3,2.848596
-16.137909,3,2.849468
-9.486174,29,2.858695
-9.961283,22,2.86887
-16.077357,3,2.86887
-8.935945,40,2.8792
-13.206814,25,2.889478
-7.649476,23,2.899902
-16.109678,3,2.899902
-14.266663,25,2.899902
-16.065103,3,2.910137
-16.149209,4,2.910137
-16.19601,3,2.910137
-16.150046,3,2.910137
-6.231862,33,2.921203
-6.995838,14,2.932823
-8.551245,18,2.940643
-12.30135,28,2.95065
6.118888,25,2.963534
-12.118338,18,2.971806
-16.135419,3,2.971806
-16.083681,3,2.971806
-7.245722,34,2.982363
-6.774088,9,2.982363
-6.607858,20,2.992804
6.717697,22,3.014283
-16.134875,3,3.014283
-16.137311,3,3.014283
5.82785,29,3.023794
-12.344306,18,3.023794
-8.683111,19,3.034076
-16.109962,4,3.034076
-7.930509,30,3.126517
-16.166016,5,3.126517
-16.140874,3,3.126517
6.661544,18,3.126517
-16.186265,3,3.136943
-16.121352,3,3.136943
-6.244518,23,3.147185
-11.900457,27,3.163944
-9.813678,19,3.16769
-16.080738,3,3.16769
-6.208926,21,3.182379
-12.512336,22,3.188106
-15.138993,9,3.19127
-8.16599,16,3.19528
-16.12843,4,3.197284
-7.205496,32,3.200292
-7.508416,23,3.214701
-9.449746,17,3.22184
-16.099187,3,3.225329
-7.983825,25,3.229162
-16.077698,3,3.229162
-9.799711,17,3.239659
-8.318407,20,3.239659
5.68553,37,3.260294
-8.354554,38,3.282261
-7.64236,21,3.292289
-12.501376,26,3.302347
-16.132371,3,3.302347
-7.07269,34,3.332628
-16.174944,5,3.332628
-16.139434,3,3.332628
-7.795338,28,3.454595
5.994969,21,3.476099
-14.416384,4,3.476099
-5.923122,20,3.481872
-8.510855,15,3.488028
-11.620552,14,3.488028
-7.168439,26,3.501413
-6.605278,27,3.510968
5.904572,31,3.52271
-16.243284,4,3.52271
-10.915287,10,3.526594
-16.142446,3,3.526594
5.790339,33,3.536699
5.499206,40,3.566807
-7.638595,28,3.576627
-6.227854,10,3.586935
-9.239035,25,3.607685
-6.855455,31,3.614946
-8.625309,20,3.622118
-16.195622,4,3.622118
-10.390821,6,3.622118
-16.081718,3,3.622118
-10.032892,31,3.628305
-9.735742,17,3.638816
6.17774,26,3.649215
6.172329,26,3.649215
-11.190287,16,3.744669
-16.062104,3,3.744669
-8.871182,15,3.752766
-6.527086,18,3.752766
6.154338,43,3.773267
-16.091527,3,3.773267
-8.636398,11,3.783778
-16.135465,4,3.783778
-8.265609,25,3.794011
-7.723836,25,3.803505
-14.282953,26,3.815332
-9.321447,16,3.823967
-6.040063,21,3.823967
6.552157,19,3.834105
-16.068102,3,3.834105
-16.085838,3,3.834105
-6.325333,30,3.856612
-8.601525,29,3.866007
-16.086973,3,3.874657
-16.195152,5,3.874657
-6.984091,26,3.895507
-16.12291,4,3.905719
-16.083695,3,3.905719
-16.084561,3,3.905719
6.344236,33,3.936037
-16.112337,4,3.939476
-9.206004,30,3.947949
-7.620577,20,3.947949
6.401356,38,3.964072
-10.134753,13,3.97702
-9.540371,18,3.97702
-7.113238,18,4.092514
-7.835553,24,4.100054
-6.651967,21,4.100054
-7.307532,20,4.110506
-8.085696,21,4.116238
-10.420003,5,4.120768
-8.6262,27,4.128845
-16.169929,4,4.130855
-8.801188,29,4.141164
-11.091522,21,4.141164
-16.07203,3,4.141164
-7.828864,37,4.161845
-12.222124,8,4.161845
-10.412772,28,4.182369
-16.141755,3,4.182369
4.965247,51,4.202638
6.463133,36,4.223241
-8.627492,36,4.233444
-16.07909,3,4.233444
6.096745,33,4.244514
-16.135858,4,4.244514
6.569188,31,4.253925
-9.41348,34,4.268638
-16.171369,3,4.268638
-16.155186,4,4.268638
-9.021324,31,4.356678
5.889206,35,4.37513
-7.755702,28,4.391631
-12.214418,16,4.395644
-9.574719,31,4.408057
-7.467313,18,4.418509
-16.141603,3,4.418509
-6.391133,13,4.418509
6.517332,33,4.43633
6.86355,29,4.4485
6.222221,30,4.458782
-7.969347,26,4.468342
-5.913025,16,4.468342
-16.151799,4,4.468342
-9.264745,26,4.480134
6.366214,34,4.489016
6.597096,39,4.499486
-7.191967,36,4.509996
-12.73432,16,4.520446
-12.154998,9,4.520446
-7.568584,37,4.544663
6.433234,29,4.619215
5.355331,45,4.644574
-6.803159,31,4.652764
-16.074646,3,4.652764
-7.074782,31,4.663242
-7.00215,32,4.673728
-16.145617,5,4.673728
-6.897171,24,4.684002
5.653665,41,4.69434
-7.247663,37,4.707921
-6.271057,22,4.717337
-7.106457,49,4.725013
-10.942949,13,4.737675
-16.074112,3,4.73905
-8.308499,7,4.742265
-6.803878,34,4.745849
-7.21827,27,4.756191
6.23511,37,4.766411
-6.100478,15,4.766411
5.600538,47,4.797417
6.175877,38,4.920399
5.12696,54,4.951077
7.087362,27,4.961396
6.860697,29,4.971597
-10.933541,22,4.98214
-16.075822,3,4.98214
-7.524777,19,4.98214
6.488572,34,4.993597
-16.098717,3,5.002278
-9.099833,24,5.002278
6.336334,21,5.012437
-7.923633,23,5.017519
-6.932471,29,5.033326
5.697091,39,5.043857
5.879227,55,5.06471
-16.084962,3,5.06471
-16.11564,4,5.06471
-6.38958,30,5.074904
-6.507168,23,5.074904
-11.393081,17,5.085236
-17.114371,26,5.17882
-7.084854,31,5.187461
-16.157306,4,5.197793
6.597996,28,5.199639
-11.934588,26,5.218544
6.618281,27,5.228788
-11.65181,3,5.228788
6.230948,31,5.240727
-9.94154,19,5.247122
6.741333,33,5.249217
6.316994,38,5.271333
-6.41024,22,5.274179
-5.994619,14,5.282334
-6.658593,20,5.286776
-7.542898,26,5.290533
-7.317291,10,5.290533
5.691061,58,5.314446
6.657656,24,5.321215
-6.941949,18,5.331644
-6.175502,31,5.331644
5.394528,50,5.434363
-16.195461,3,5.439862
-9.07487,26,5.439862
6.549548,33,5.457405
6.486696,42,5.460418
-7.294875,10,5.470922
6.875086,24,5.481097
-8.059568,24,5.491369
5.926514,44,5.501683
-12.071314,19,5.501683
5.989328,44,5.523393
6.995664,24,5.532637
-6.527285,34,5.553241
-7.222596,38,5.563379
6.432075,32,5.573566
6.590741,19,5.58399
-16.087748,3,5.58399
6.181582,30,5.594464
-9.113893,28,5.605054
-16.076459,3,5.605054
-6.663411,37,5.677691
-16.108705,4,5.677691
-6.57675,39,5.697648
-11.080459,4,5.697648
-5.919957,27,5.707947
-8.989376,18,5.717905
6.9207,30,5.728183
-16.176206,5,5.728183
-13.713626,13,5.728183
5.974747,30,5.740299
6.236074,39,5.758923
-8.784935,32,5.769488
-7.607504,38,5.779706
-10.906104,8,5.779706
-7.030018,21,5.792344
-16.125245,4,5.800204
5.941137,35,5.810657
-10.073976,26,5.821179
6.676797,32,5.831644
-8.091854,32,5.831644
-16.13564,4,5.842099
-7.929079,35,5.852407
-6.514087,26,5.965902
-7.002692,54,5.993804
-6.537502,27,5.99907
5.826328,43,6.016614
5.895763,56,6.029563
-11.540536,27,6.037268
6.04932,46,6.047361
-6.724737,42,6.071584
-7.521206,32,6.078159
-6.93776,25,6.089384
5.746981,49,6.098948
-6.607298,35,6.119828
-7.248592,26,6.140812
-11.205669,25,6.151371
-8.984314,42,6.274971
6.816451,31,6.292112
-6.251591,26,6.295708
-7.286881,40,6.315944
-8.070307,34,6.329014
5.69051,54,6.357558
6.882959,32,6.371908
6.087835,42,6.389127
5.562973,42,6.397933
-8.01707,8,6.397933
-6.729746,34,6.41204
5.592279,49,6.428652
6.300523,29,6.438786
5.182258,58,6.456483
6.858286,26,6.541954
5.98554,42,6.551748
-14.717183,27,6.561851
6.618054,29,6.571944
-7.579605,59,6.582374
5.282211,52,6.602839
6.089136,53,6.620305
-16.111632,4,6.620305
6.386994,34,6.623444
6.201593,36,6.637095
-6.461772,39,6.665095
-7.190197,58,6.693758
5.266648,62,6.718484
-7.207375,20,6.788395
6.014075,45,6.820991
5.409183,64,6.840165
-6.225692,24,6.840165
6.407933,42,6.860601
6.207958,42,6.891521
6.421773,40,6.91007
4.73537,80,6.946811
6.238833,47,6.963413
5.743632,52,6.983694
6.089763,35,7.004519
6.475386,28,7.097214
-6.382933,23,7.107227
-7.624343,25,7.121743
5.674009,38,7.138425
-9.213917,32,7.154154
6.405543,34,7.169066
-7.80954,32,7.179316
6.509604,40,7.19804
6.009879,49,7.216988
-9.825811,32,7.222255
6.43661,42,7.230862
-13.953516,3,7.230862
-7.313664,29,7.251624
-6.767025,38,7.261888
-6.990389,34,7.272146
6.966019,30,7.292881
-6.27202,31,7.386699
6.171461,27,7.386699
6.096694,32,7.396883
6.484212,40,7.41729
-6.458507,27,7.42238
6.454041,31,7.427385
-8.222342,13,7.439794
5.855324,35,7.447821
6.465335,30,7.460551
6.679492,27,7.468529
5.284037,63,7.499323
6.031007,39,7.515443
-8.031682,28,7.522302
-7.338604,55,7.550951
5.857513,54,7.573236
6.551009,37,7.644399
5.353568,61,7.665257
-8.621482,38,7.675374
-10.395667,17,7.685558
-6.56181,36,7.702669
5.911372,48,7.716539
6.733842,33,7.726868
5.661804,38,7.74768
6.103103,42,7.757983
6.472969,34,7.768404
6.535982,15,7.77873
-9.248055,29,7.786631
-9.585033,18,7.789012
-8.591307,42,7.800526
-11.280859,32,7.820109
-7.799434,59,7.931547
-7.488032,28,7.96361
5.752944,61,7.995003
-6.522972,37,8.013741
-11.267779,10,8.013741
6.38947,38,8.034492
7.008566,25,8.034492
-16.150766,3,8.044867
-7.276064,30,8.044867
6.204465,45,8.065788
-7.232803,41,8.086996
6.020558,42,8.106986
6.730917,23,8.119345
6.752668,29,8.129906
-6.124427,11,8.138402
6.356918,40,8.252092
-7.968387,55,8.271402
5.106624,59,8.29496
-8.826548,60,8.313023
-16.078642,3,8.313023
-14.601618,6,8.313023
5.986519,46,8.333597
-10.589687,40,8.34377
5.857769,46,8.354107
6.671873,35,8.364712
5.847594,40,8.387972
6.318294,43,8.397708
5.496059,51,8.418802
-7.575871,8,8.423099
6.488197,34,8.531555
5.73131,60,8.54177
6.301449,43,8.560473
-6.505255,26,8.567008
5.745335,48,8.587214
5.130293,56,8.603045
6.377002,21,8.613692
6.169383,48,8.644171
-16.078302,3,8.644171
5.175374,58,8.662145
-12.033442,6,8.664151
6.5417,35,8.674403
-7.202012,31,8.684542
-8.218857,27,8.694376
5.683248,60,8.796012
-9.919474,25,8.796012
-8.763594,28,8.807609
4.892351,73,8.832106
5.926825,50,8.847494
-10.681467,27,8.857977
-16.099253,4,8.868187
-7.360801,53,8.880702
-7.379133,12,8.892565
5.924403,32,8.909611
6.099021,40,8.930534
-9.286123,16,8.94104
6.207138,46,8.951137
-16.454759,14,8.961592
-14.305829,11,8.961592
-6.389805,36,8.971965
6.043959,45,9.061792
5.946154,43,9.074112
6.190617,36,9.084289
5.566973,44,9.094473
-9.247982,44,9.115547
4.874823,63,9.139139
5.853721,44,9.151155
5.770511,54,9.167149
-7.133179,38,9.177714
6.428004,41,9.189211
-7.619361,53,9.206098
5.924107,42,9.323957
-7.210709,24,9.331759
-8.687014,26,9.337039
5.460378,61,9.35898
5.523445,52,9.386232
5.994475,40,9.397172
-6.935187,39,9.413017
-7.29241,26,9.422314
6.128469,42,9.435548
6.27641,42,9.448953
-7.398349,37,9.466532
5.975194,52,9.486614
5.941455,51,9.576615
5.068157,55,9.592212
-7.160709,49,9.61058
-6.950587,21,9.614308
-12.966168,8,9.619583
6.320419,43,9.630419
5.526761,55,9.647301
5.982752,40,9.663468
6.215585,33,9.674943
-6.409286,41,9.696198
6.279875,44,9.708012
6.175984,34,9.718618
-6.90928,51,9.743727
-7.619429,51,9.825946
5.787193,56,9.843927
-6.346291,24,9.851953
-6.944586,49,9.866351
-8.440424,57,9.881061
-7.328799,23,9.886976
-8.25442,27,9.904036
6.022254,42,9.927586
6.308145,30,9.948149
-7.449496,39,9.968674
5.91877,53,9.989197
-9.778121,18,9.989197
5.724432,55,10.00993
-8.28703,23,10.020433
-8.619264,36,10.143506
6.295569,47,10.173715
6.204823,50,10.198485
6.4207,39,10.204498
6.145123,33,10.223388
-7.35532,67,10.25546
-6.971027,33,10.279318
-7.955403,62,10.301276
-8.861005,30,10.31683
-7.419408,61,10.345354
5.936684,44,10.366814
-8.524244,10,10.374448
4.894635,71,10.471883
-6.583626,29,10.48036
-6.643114,32,10.490613
-7.497156,32,10.500921
-8.411361,50,10.523582
5.989697,46,10.531626
6.388157,45,10.545313
-6.041459,23,10.551369
6.623471,37,10.566745
-6.568291,44,10.586756
-6.807955,34,10.596913
6.723006,26,10.606202
5.437662,54,10.698071
6.05861,56,10.719226
5.037648,56,10.737792
-10.431385,36,10.754564
5.798383,60,10.779065
5.06832,60,10.8012
-7.822177,34,10.813529
5.918991,52,10.831082
5.833668,58,10.862306
-6.999928,29,10.872671
6.659468,38,10.882758
6.219121,44,10.978883
6.543187,37,10.996532
-6.896625,33,11.004558
5.337579,68,11.034251
-8.038787,61,11.045276
6.672774,34,11.063422
5.804938,61,11.08592
6.018607,48,11.096126
-6.978557,55,11.120538
-8.576373,17,11.128514
-7.175598,49,11.157097
-6.94674,49,11.255567
5.916294,50,11.273142
5.547396,68,11.322087
-8.151683,66,11.363224
5.129542,61,11.390947
5.863523,47,11.415021
5.855983,56,11.448591
5.681837,56,11.476007
5.61955,54,11.496437
6.199049,47,11.609347
5.687146,49,11.630332
5.572762,61,11.640535
5.557649,59,11.661459
6.533663,25,11.671817
-14.84495,5,11.671817
6.383353,45,11.692729
-9.307741,38,11.70321
5.424272,74,11.740494
-6.638299,45,11.754546
-8.055772,65,11.775462
5.843457,45,11.900616
-7.186797,27,11.908642
5.877033,57,11.932944
5.917348,31,11.94949
-7.603033,34,11.959525
6.329346,47,11.980457
6.307642,36,11.990531
-7.084863,42,12.013875
-6.167418,22,12.021056
7.209672,18,12.031101
-10.072439,12,12.041219
-7.233733,34,12.05756
6.718748,20,12.061733
4.664854,71,12.087432
6.324083,30,12.093243
6.028514,51,12.190445
6.074902,51,12.206882
5.380767,65,12.237841
5.8367,52,12.25451
5.788768,37,12.275389
-7.948711,72,12.299877
6.526778,36,12.326515
-10.414461,26,12.336003
5.594305,63,12.351313
5.182802,55,12.372156
-6.928227,48,12.475836
5.286029,63,12.498527
6.060473,27,12.506575
6.281241,39,12.516712
5.973418,46,12.537696
-6.957703,28,12.548239
-8.255656,46,12.558666
-7.293141,27,12.569937
6.285428,49,12.590078
6.244769,49,12.610257
-6.431254,34,12.622506
5.506585,65,12.651195
5.27453,70,12.778629
5.361774,71,12.806611
-6.813781,36,12.819264
5.755376,57,12.847666
-6.535735,41,12.857766
6.610147,39,12.878654
5.837772,46,12.893074
5.569458,59,12.909336
5.574045,45,12.91963
5.851407,56,12.940734
6.057644,54,13.044354
-6.890379,53,13.065063
6.221097,46,13.075536
5.105521,53,13.09585
-6.819536,45,13.106389
5.613785,46,13.117805
-6.821324,45,13.138868
5.313574,67,13.158329
-6.749337,45,13.168739
-7.014202,50,13.199317
5.679343,45,13.292944
-7.434459,57,13.32094
-8.431068,61,13.346239
6.340145,26,13.355936
5.731495,50,13.37441
5.622933,57,13.4047
6.477625,26,13.410852
5.401705,63,13.452003
-9.108332,32,13.464482
-7.029469,51,13.490998
6.172664,47,13.503448
5.135897,57,13.617155
-9.466898,62,13.658027
5.084111,59,13.679716
-7.404552,51,13.699631
-6.191628,28,13.720026
6.474002,35,13.730385
-6.907692,52,13.748066
5.845485,45,13.761492
4.732326,89,13.792898
4.831918,64,13.885223
5.76454,46,13.896408
5.81837,52,13.914931
6.072618,28,13.92521
4.69801,66,13.948532
5.71165,57,13.968298
5.856293,54,13.991819
-7.875838,48,14.011274
5.25196,59,14.034867
6.462212,34,14.050771
6.237859,41,14.069092
6.118294,46,14.182749
-7.25858,63,14.214033
-8.462805,64,14.245247
6.034198,49,14.269514
-6.921842,18,14.274533
5.617344,55,14.29515
4.6947,68,14.315394
6.418004,31,14.330866
6.262719,47,14.357141
5.777573,60,14.388203
5.904442,59,14.494467
5.998017,43,14.509621
6.012747,47,14.514724
6.020137,53,14.542318
6.327969,45,14.556312
-7.388727,47,14.566574
5.990159,44,14.577737
5.426181,68,14.601815
5.653801,51,14.61741
6.08035,35,14.639425
5.875963,50,14.730177
5.087001,64,14.758268
5.615123,57,14.781739
-9.301142,56,14.814085
5.182689,56,14.839785
5.598826,58,14.853834
6.622959,36,14.874571
-6.951855,39,14.887313
-6.897583,46,14.894748
6.06118,47,14.915447
5.286864,74,15.018429
-6.267283,37,15.034684
5.842773,56,15.0586
5.266286,54,15.083444
-7.506999,57,15.10372
-6.320024,7,15.10372
5.839756,44,15.122652
6.219113,43,15.142589
-7.65266,49,15.160867
-6.531145,41,15.172975
5.864898,48,15.191934
-7.175457,26,15.191934
5.713547,51,15.305214
6.375056,38,15.317253
5.379721,57,15.346232
5.128564,59,15.376388
6.193585,46,15.399237
6.101525,48,15.428161
5.909694,52,15.447059
5.649022,46,15.457169
6.159896,50,15.483369
6.014065,53,15.504517
5.987329,49,15.60002
6.068571,44,15.631097
5.623286,55,15.661854
5.670001,59,15.682649
5.489627,48,15.703746
-8.008243,54,15.734174
6.501413,44,15.756532
-7.550864,59,15.775561
4.60425,69,15.802686
5.52457,64,15.926896
-7.091854,48,15.941133
6.13622,46,15.966327
-8.889259,47,15.996845
-6.876684,33,16.006892
6.164927,33,16.02859
5.701197,56,16.048544
6.018578,47,16.070547
5.947738,51,16.089779
5.685789,41,16.100053
5.346322,58,16.120628
5.828938,48,16.213021
5.508281,55,16.243495
6.00939,50,16.253618
-8.841918,39,16.263781
-8.307093,19,16.275689
5.17829,51,16.301834
5.496085,63,16.324043
4.977119,57,16.346595
5.341495,61,16.367214
5.514368,63,16.38779
5.569693,54,16.494182
6.440458,42,16.514893
6.466957,42,16.525054
-6.78979,50,16.545563
-7.101845,57,16.56582
5.660091,49,16.586316
6.029192,53,16.607049
-6.839365,46,16.627494
-10.173532,39,16.643301
6.711602,16,16.647886
-6.651076,43,16.660494
5.751152,42,16.673889
6.578552,42,16.781884
5.593844,47,16.791254
-6.121907,24,16.801798
6.913178,28,16.812255
6.501121,43,16.833231
-7.751793,42,16.853733
6.083889,49,16.874521
-6.863221,51,16.900621
5.723388,47,16.916179
6.200836,51,16.94373
6.239853,43,16.957536
-7.573531,51,16.967682
5.524839,60,17.069901
5.548739,61,17.088881
5.492115,69,17.111149
6.509941,39,17.121593
5.735704,46,17.142007
5.869958,54,17.152173
5.787457,43,17.176823
5.033182,58,17.193727
5.899944,38,17.204162
6.370397,33,17.214511
-8.499727,21,17.214511
4.626763,81,17.348683
-6.921206,44,17.37516
6.5136,31,17.38932
5.894013,57,17.413964
5.974209,50,17.444064
6.270204,41,17.461795
5.854253,43,17.472089
6.311567,32,17.482495
5.762854,59,17.502894
-7.127658,48,17.513152
5.709285,61,17.607072
-6.537765,42,17.626234
4.847329,67,17.668836
6.304961,38,17.679361
5.659453,50,17.702454
6.020317,37,17.720632
6.028076,54,17.745092
5.402829,53,17.76181
6.375306,40,17.782308
6.104373,39,17.793468
6.358372,42,17.802922
-9.226068,37,17.901202
6.163186,43,17.915551
6.687642,35,17.925667
6.131583,51,17.94019
5.708539,55,17.956379
4.994573,55,17.966774
-7.868446,49,17.991044
5.902596,57,18.028019
5.839207,46,18.040285
5.45906,53,18.06923
-7.188172,57,18.089764
